{"Authenticity":0.7178792648,"New Brand Experience":0.6622411893,"Emotional Values":0.7618966656,"AR Ad Satisfaction":0.939792108,"Shared Social Experience":0.521582757,"Purchase Intentions":0.6279315402}
{"Authenticity":0.7462530288,"New Brand Experience":0.6475707407,"Emotional Values":0.7413931854,"AR Ad Satisfaction":0.9503694543,"Shared Social Experience":0.554153387,"Purchase Intentions":0.6959251406}
{"Authenticity":0.6701573701,"New Brand Experience":0.5991812129,"Emotional Values":0.7041435581,"AR Ad Satisfaction":0.9172621013,"Shared Social Experience":0.4447561838,"Purchase Intentions":0.6299399364}
{"Authenticity":0.6680198487,"New Brand Experience":0.6438294685,"Emotional Values":0.7226242596,"AR Ad Satisfaction":0.7003480939,"Shared Social Experience":0.6372521534,"Purchase Intentions":0.95278684}
{"Authenticity":0.632441691,"New Brand Experience":0.6652704745,"Emotional Values":0.6892649205,"AR Ad Satisfaction":0.6251809897,"Shared Social Experience":0.6572383049,"Purchase Intentions":0.9499480255}
{"Authenticity":0.7942080322,"New Brand Experience":0.6948399217,"Emotional Values":0.9483710578,"AR Ad Satisfaction":0.7598353083,"Shared Social Experience":0.5348717024,"Purchase Intentions":0.7190522025}
{"Authenticity":0.7566995115,"New Brand Experience":0.6763011873,"Emotional Values":0.941881083,"AR Ad Satisfaction":0.7451383331,"Shared Social Experience":0.5047492756,"Purchase Intentions":0.6656020316}
{"Authenticity":0.7898113668,"New Brand Experience":0.6722329331,"Emotional Values":0.9087527729,"AR Ad Satisfaction":0.6960180267,"Shared Social Experience":0.5860105779,"Purchase Intentions":0.6910940362}
{"Authenticity":0.9379742681,"New Brand Experience":0.7285015841,"Emotional Values":0.7614746893,"AR Ad Satisfaction":0.7072776142,"Shared Social Experience":0.5832283617,"Purchase Intentions":0.6222889185}
{"Authenticity":0.9380078184,"New Brand Experience":0.7309656415,"Emotional Values":0.8081330194,"AR Ad Satisfaction":0.7214400504,"Shared Social Experience":0.6459020779,"Purchase Intentions":0.6603549432}
{"Authenticity":0.6735707218,"New Brand Experience":0.9434076144,"Emotional Values":0.6910106643,"AR Ad Satisfaction":0.6189130899,"Shared Social Experience":0.6788450491,"Purchase Intentions":0.6618181191}
{"Authenticity":0.7956304195,"New Brand Experience":0.9487110358,"Emotional Values":0.6907520086,"AR Ad Satisfaction":0.667756212,"Shared Social Experience":0.6926737379,"Purchase Intentions":0.6402496882}
{"Authenticity":0.7107504378,"New Brand Experience":0.7686070609,"Emotional Values":0.6474749195,"AR Ad Satisfaction":0.603389736,"Shared Social Experience":0.8605518053,"Purchase Intentions":0.6740997989}
{"Authenticity":0.4924263442,"New Brand Experience":0.5753911905,"Emotional Values":0.4374374669,"AR Ad Satisfaction":0.4015004031,"Shared Social Experience":0.9075847015,"Purchase Intentions":0.5599866366}
{"Authenticity":0.601938931,"New Brand Experience":0.6451237655,"Emotional Values":0.5413853385,"AR Ad Satisfaction":0.5026946463,"Shared Social Experience":0.9023955226,"Purchase Intentions":0.6082225917}
{"Authenticity":0.4210082693,"New Brand Experience":0.4880664426,"Emotional Values":0.3342030525,"AR Ad Satisfaction":0.3325215876,"Shared Social Experience":0.8478191329,"Purchase Intentions":0.5068133095}